"But it could be a sign of trouble for Trump’s campaign, since this isn’t the only poll that’s showed him struggling in solidly Republican states; the most recent polls out of Tennessee and Missouri both had Trump’s lead over Biden in the single digits.",Forbes,https://www.forbes.com/sites/nicholasreimann/2020/06/14/could-trump-lose-arkansas-poll-shows-dead-heat-but-experts-are-skeptical/,2020-06-14,0
"""While Trump’s standing remains strong with Republicans in the state, he now has almost no Democratic support and is deeply unpopular with the state’s Independent voters (only 39% of that subgroup is supportive of the President’s job approval),” Dr. Jay Barth, a professor emeritus of politics at Hendrix College, said in an analysis of the poll.",Forbes,https://www.forbes.com/sites/nicholasreimann/2020/06/14/could-trump-lose-arkansas-poll-shows-dead-heat-but-experts-are-skeptical/,2020-06-14,0
"Trump faced sharp criticism for the move, and troops have not been used thus far to actively control protesting.",Forbes,https://www.forbes.com/sites/nicholasreimann/2020/06/08/officer-charged-in-george-floyd-murder-makes-1st-court-appearance/,2020-06-08,0
"He criticized Trump for not listening to expert scientific advice from the great American universities like Columbia, Stanford, and Johns Hopkins.",Forbes,https://www.forbes.com/sites/williamjeakle/2020/05/22/colbert-biden/,2020-05-22,0
"However, Trump has made gains in Pennsylvania, going from even in April to a 4-point lead over Biden now.",Forbes,https://www.forbes.com/sites/andrewsolender/2020/05/21/trump-visits-ford-plant-in-michigan-where-biden-now-holds-a-commanding-lead/,2020-05-21,1
"However, since 2016 Trump’s popularity in the state has fallen off.",Forbes,https://www.forbes.com/sites/andrewsolender/2020/05/21/trump-visits-ford-plant-in-michigan-where-biden-now-holds-a-commanding-lead/,2020-05-21,0
"He criticized Trump for not listening to expert scientific advice from the great American universities like Columbia, Stanford, and Johns Hopkins.",Forbes,https://www.forbes.com/sites/williamjeakle/2020/05/22/colbert-biden/,2020-05-22,0
"He posited that Trump had “incredible genes,” said he did “exceedingly well during his cognitive test” and had “excellent cardiac health.” Jackson was nominated to succeed Veterans Affairs Secretary David Shulkin in March 2018, and he withdrew a month later.",Forbes,https://www.forbes.com/sites/andrewsolender/2020/05/22/trump-endorses-ex-white-house-doc-for-congress-who-called-obama-deep-state-traitor/,2020-05-22,1
"This is not to let off the hook President Donald Trump, who has crashed clumsily from one untenable position to another.",Forbes,https://www.forbes.com/sites/robasghar/2020/05/23/donald-trump-and-the-experts-coronavirus/,2020-05-23,0
"On May 20, Trump threatened to withhold federal funds from Michigan if it pursued widescale mail-in balloting -- a questionably constitutional move, given general prohibitions against the federal government forcing state action on matters ordinarily within states' jurisdiction.",FOX News,https://www.foxnews.com/politics/twitter-exec-in-charge-of-effort-to-fact-check-trump-has-history-of-anti-trump-posts-called-mcconnell-a-bag-of-farts,2020-05-27,0
She also noted a recent poll showing voters still trust President Trump over Joe Biden on the economy despite the virus-related slowdown.,FOX News,https://www.foxnews.com/media/jim-jordan-talks-great-american-comeback-ig-departures-clinton-flynn-case,2020-05-27,1
"A Twitter spokesperson also told Fox News that Trump's tweets ""contain potentially misleading information about voting processes and have been labeled to provide additional context around mail-in ballots,"" and that ""this decision is in line with the approach we shared earlier this month.""",FOX News,https://www.foxnews.com/politics/trump-warns-social-media-government-can-regulate-or-close-them-down-amid-fight-with-twitter,2020-05-27,0
Collins had previously questioned why Trump administration officials weren’t wearing masks during the global pandemic.,FOX News,https://www.foxnews.com/media/coronavirus-masks-cnn-msnbc,2020-05-27,0
Cuomo directs the blame of the nursing home policy on Trump.,FOX News,https://www.foxnews.com/politics/nearly-half-of-new-yorkers-critical-of-cuomos-handling-of-nursing-home-crisis-poll,2020-05-27,0
"Cupp recently said Trump ""is the virus"" and that his response to the coronavirus outbreak ""confirms how toxic he is for the country.""",FOX News,https://www.foxnews.com/media/cnns-s-e-cupp-says-trump-is-hallucinating-needs-help,2020-05-27,0
"The Trump administration has so far made little progress on the construction of a border wall, the president’s signature campaign promise.",FOX News,https://www.foxnews.com/politics/push-to-build-border-wall-accelerates-in-texas-despite-coronavirus-pandemic,2020-05-27,0
"Fox News reported on Wednesday that the head of Twitter's fact-checking division has repeatedly mocked Trump and his supporters; Twitter responded by calling the reporting accurate but ""unfortunate.""",FOX News,https://www.foxnews.com/politics/twitter-facebook-google-apple-defeat-free-speech-lawsuit-right-wing-activist,2020-05-27,0
"Still, Johnson criticized Trump for suggesting McCain was no hero.",FOX News,https://www.foxnews.com/politics/sam-johnson-texas-congressman-vietnam-prisoner-war-dead,2020-05-28,0
"Lemon, who has repeatedly accused Trump of being racist, blasted the president for saying that he wanted to be the ""cheerleader"" for the country.",FOX News,https://www.foxnews.com/media/cnn-anchors-disqualify-moderating-presidential-debates-critics-say,2020-05-28,0
"""Trump falsely claimed that mail in ballots would lead to a rigged election,"" Twitter announced.",FOX News,https://www.foxnews.com/opinion/tucker-carlson-big-tech-authoritarians-are-willing-to-censor-trump-think-nothing-of-silencing-you,2020-05-28,0
Trump's foundation starts to crack,CNN,https://www.cnn.com/2020/06/04/opinions/trumps-foundation-starts-to-crack-mattis-avlon/index.html,2020-06-05,0
Why women should really worry Trump,CNN,https://www.cnn.com/2020/06/03/politics/women-voters-trump-biden-poll/index.html,2020-06-03,0
Trump golfs during pandemic despite many attacks on Obama for golfing during tragedies and disasters,CNN,https://www.cnn.com/2020/05/27/politics/trump-attacks-obama-golf-disasters-kfile/index.html,2020-05-28,0
Donald Trump Reelection a Much Tougher Road Than Most Think,reddit,https://www.reddit.com/r/Republican/comments/gtdguh/donald_trump_reelection_a_much_tougher_road_than/,2020-05-30,0
George P. Bush says he'll vote for Trump in 2020 election,reddit,https://www.reddit.com/r/Republican/comments/gzynjr/george_p_bush_says_hell_vote_for_trump_in_2020/,2020-06-09,1
People criticizing Trump for saying ‘thugs’ have apparently forgotten that Obama called the 2015 Baltimore riot looters ‘thugs’ too.,reddit,https://www.reddit.com/r/Republican/comments/gsyy9f/people_criticizing_trump_for_saying_thugs_have/,2020-05-29,1
Trump made America great for many.,reddit,https://www.reddit.com/r/Democrat/comments/f3ucuh/theres_now_a_record_number_of_401k_and_ira/,2020-02-14,1
TL/DR Trump made us safer.,reddit,https://www.reddit.com/r/Democrat/comments/ejpmgu/planned_attacks_on_us_targets_spurred_soleimani/,2020-01-04,1
Thank you @realDonaldTrump,reddit,https://www.reddit.com/r/Democrat/comments/b8tjgc/massive_trump_appoints_key_judges_in_9th_circuit/,2019-04-03,1
Puts into perspective the “outrage” about Trump’s “actions”,reddit,https://www.reddit.com/r/Republican/comments/gz4kyo/puts_into_perspective_the_outrage_about_trumps/,2020-06-08,0
Study denouncing Trump's antimalarial drugs cure was faked.,reddit,https://www.reddit.com/r/Republican/comments/gxtkm7/study_denouncing_trumps_antimalarial_drugs_cure/,2020-06-06,0
